BC,LUTnr,tCount,Sequence,Peptide,mCount,Mode,RNAcount,Origion_seq,AAstart,AAend,Structure,start,end,width,LibID
TCGCAGGCTTGCCACACTTCAACACAC,seq_2745,1,GACCTGAACTGGCACAACGAC,DLNWHND,1,Def,2,"Vesicular stomatitis Indiana virus,G protein,Orsay,,#130,VSV-Orsay-G",28,35,7aa,84,105,21,p005
TCGACATACGCCTTGGCTCCCTGCCTC,seq_28875,1,CACGGCATGCTGGACAGCGAC,HGMLDSD,1,Def,2,"Vesicular stomatitis Indiana virus,G protein,Orsay,,#130,VSV-Orsay-G",388,395,7aa,1164,1185,21,p005
TCGATACGCTCACATACTGACGGAAAC,seq_1541,1,ACCGTGGGCGCCGCCACCAGC,TVGAATS,1,Def,2,"Poliovirus,VP1,PV1,,#115,PV1-VP1",16,23,7aa,48,69,21,p005
TCGGATTGCACCTATCCTCGAGCATTC,seq_36743,1,GCCGCCCGGGGCGGCCTGGGC,AARGGLG,1,Def,2,"Herpes simplex virus type 1,HSV-1-pUL37,No,,#48,HSV-1-pUL37",683,690,7aa,2049,2070,21,p005
TCGATTCCATCGCGCATACCATTGCAG,seq_39829,1,GCCACCCCCGTGGCCACCGAC,ATPVATD,1,Def,2,"Herpes simplex virus type 2,HSV-2-pUL19,No,,#76,HSV-2-pUL19",1188,1195,7aa,3564,3585,21,p005
TCGATATCTATGCTCCTACCTACACAT,seq_23010,1,AAGAAGCGGGAGGAGTGCCTG,KKREECL,1,Def,2,"Rabies virus,RV-G,B2c,,#27,RV-G-B2c",277,284,7aa,831,852,21,p005
TCGCCATGATCAAACCAACGAATGCAC,seq_19875,1,CTGCGGACCCCCGGCCGGTAC,LRTPGRY,1,Def,1,"Herpes simplex virus type 2,HSV-2-pUL22,No,,#67,HSV-2-pUL22",227,234,7aa,681,702,21,p005
TCGCCTTGCACCAAGCAGTCCTCATTC,seq_38654,1,TGCTTCTGCGACGCCGAGAAC,CFCDAEN,1,Def,1,"Chikungunya virus,CHIKV-Sp,Wuerzburg 1,,#129,CHIKV-Sp-1",902,909,7aa,2706,2727,21,p005
TCGCCTTATGCCTAGATTCATACAATG,seq_30336,1,GAGATGCTGCGGAAGGACTAC,EMLRKDY,1,Def,1,"Lymphocytic choriomeningitis virus,G protein,WE,,#132,LCMV-G",418,425,7aa,1254,1275,21,p005
TCGCCTTACGGCATGCTGCCCATGATT,seq_41817,1,CGGGCCCCCCAGAACCGGCCC,RAPQNRP,1,Def,1,"Herpes simplex virus type 1,HSV-1-pUL36,No,,#47,HSV-1-pUL36",2966,2973,7aa,8898,8919,21,p005
TCGCCTGCATCAAACCATCACTTAATT,seq_29981,1,CGGCTGGCCGGCTACCCCGAC,RLAGYPD,1,Def,1,"Herpes simplex virus type 2,HSV-2-pUL44,No,,#69,HSV-2-pUL44",411,418,7aa,1233,1254,21,p005
TCGCCGCCTACAAGCGTTCAAAGCTAC,seq_25791,1,AACGGCCTGCGGAACGTGACC,NGLRNVT,1,Def,1,"Poliovirus,VP1,PV3,,#122,PV3-VP1",328,335,7aa,984,1005,21,p005
TCGCCATGTGGGCGCCTGGACATAAAC,seq_25211,1,CGGTACCGGGTGTTCGTGCTG,RYRVFVL,1,Def,1,"Herpes simplex virus type 1,HSV-1-pUL22,No,,#55,HSV-1-pUL22",317,324,7aa,951,972,21,p005
TCCCAATGTGGAAACCTATATTCCTAC,seq_34757,1,TGCCACGCCGCCGTGACCAAC,CHAAVTN,1,Def,1,"Chikungunya virus,CHIKV-Sp,Wuerzburg 1,,#129,CHIKV-Sp-1",549,556,7aa,1647,1668,21,p005
TCGCTACGAGCCTTGGCTCCATCGCGC,seq_14265,1,GGCCTGCGGACCGCCGCCGCC,GLRTAAA,1,Def,1,"Herpes simplex virus type 1,HSV-1-pUL37,No,,#48,HSV-1-pUL37",155,162,7aa,465,486,21,p005
TCGCCATCCGCGTGCACGCACTTCCAC,seq_20268,1,GCCGTGCTGTTCAGCAGCCCC,AVLFSSP,1,Def,1,"Neuron related prorein,PrPc,No,,#11,PrPc",232,239,7aa,696,717,21,p005
TCGCCATATACGAGGCCATCTGCACGT,seq_10416,1,ATCCGGGACGACGAGGCCAAC,IRDDEAN,1,Def,1,"Poliovirus,VP1,PV3,,#122,PV3-VP1",110,117,7aa,330,351,21,p005
TCGCCAGCATTCAGGACAGCCGGACAC,seq_15022,1,AAGGACGTGACCGTGAGCCAG,KDVTVSQ,1,Def,1,"Herpes simplex virus type 1,HSV-1-pUL27,No,,#55,HSV-1-pUL27",165,172,7aa,495,516,21,p005
TCGCCACGAATGTAGAAGTCAGTGATT,seq_27655,1,CGGGTGATGTGGTTCGGCCGG,RVMWFGR,1,Def,1,"Bornavirus,BDV-G,/,,#83,BDV-G",363,370,7aa,1089,1110,21,p005
TCGCCACCAATCCACCTTTCTATACTC,seq_13999,1,GCCAACGAGACCCACAGCGGC,ANETHSG,1,Def,1,"Tick-borne encephalitis virus,TBEV-E,80,,#43,TBEV-E-80",152,159,7aa,456,477,21,p005
TCGCCACAATCCAGCGCAGATACCCGG,seq_30776,1,CTGATGAGCACCGGCAACATC,LMSTGNI,1,Def,1,"Canine adenovirus 2,Fiber,SH01,,#108,CAV-2-F-SH01",429,436,7aa,1287,1308,21,p005
TCGCATGGCTTCAGCGCACCTTCCAGC,seq_25916,1,AGCGACGGCCCCTGCAAGATC,SDGPCKI,1,Def,1,"Japanese encephalitis virus,JEV-E,SA14-5-3,,#37,JEV-E-SA14-5-3",330,337,7aa,990,1011,21,p005
TCGCATGCAACACATGTACCTTCAAGT,seq_16949,1,CCCCTGTGCAGCGCCCAGATC,PLCSAQI,1,Def,1,"Poliovirus,VP2,PV1,,#116,PV1-VP2",189,196,7aa,567,588,21,p005
TCGCCATCTACCTACCTGGATACATAT,seq_8992,1,GAGACCGAGACCGACCCCTAC,ETETDPY,1,Def,1,"Human immunodeficiency virus type 1,tat,/,,#107,HIV-tat",93,100,7aa,279,300,21,p005
TCGCTATAAGGCTTTCCTCCTATATGG,seq_40353,1,GCCGCCGACACCTACGCCGAC,AADTYAD,1,Def,1,"Herpes simplex virus type 1,HSV-1-pUL36,No,,#47,HSV-1-pUL36",1423,1430,7aa,4269,4290,21,p005
TCGCTACGCACAAGCATTGAAACAAAG,seq_1248,1,CAGGCCGGCGACTACACCATG,QAGDYTM,1,Def,1,"Neuron related prorein,Tau,No,,#12,Tau",13,20,7aa,39,60,21,p005
TCGGATTACAGACTCCTAGCCATAAAT,seq_15740,1,TTCAGCGACGCCCAGAGCGCC,FSDAQSA,1,Def,1,"Lymphocytic choriomeningitis virus,G protein,WE,,#132,LCMV-G",173,180,7aa,519,540,21,p005
TCGGTACACATGTTGGCGGCCGCCCGC,seq_4274,1,ACCAACACCGGCCGGCTGTGG,TNTGRLW,1,Def,1,"Herpes simplex virus type 1,HSV-1-pUL22,No,,#55,HSV-1-pUL22",44,51,7aa,132,153,21,p005
TCGGCTTGTTTCAATACTCATGTGCAT,seq_12864,1,TACACCGGCGAGTGGGTGGAC,YTGEWVD,1,Def,1,"Vesicular stomatitis Indiana virus,G protein,Orsay,,#130,VSV-Orsay-G",138,145,7aa,414,435,21,p005
TCGGCTCCATTACAGCAATCCGTGATT,seq_7609,1,GAGGCCCCCCCCGCCCACCTG,EAPPAHL,1,Def,1,"Pseudorabies virus,glycoprotein E,Becker,,#133,PRV-Becker-gE",78,85,7aa,234,255,21,p005
TCGGCATGAACCTGTACTCAATCAAGC,seq_38550,1,GTGGACGGCCCCGCCATGCTG,VDGPAML,1,Def,1,"Herpes simplex virus type 1,HSV-1-pUL19,No,,#63,HSV-1-pUL19",885,892,7aa,2655,2676,21,p005
TCGGCATATGTACACCTTTGCTTATGC,seq_40923,1,GAGAGCGCCAGCACCGTGACC,ESASTVT,1,Def,1,"Herpes simplex virus type 1,HSV-1-pUL36,No,,#47,HSV-1-pUL36",1998,2005,7aa,5994,6015,21,p005
TCGGCAGGAAGCATGGCGGGAATGATC,seq_26204,1,CAGATCGAGAGCCGGGGCCTG,QIESRGL,1,Def,1,"Influenza A virus,HA,H2N2,,#88,H2N2-HA",335,342,7aa,1005,1026,21,p005
TCGGCACCCGCCCACACTTCCTCCCTC,seq_16087,1,AGCAACCCCAGCGTGTTCTAC,SNPSVFY,1,Def,1,"Poliovirus,VP1,PV2,,#118,PV2-VP1",178,185,7aa,534,555,21,p005
TCGGATTCAAGGTGCCATGATACCCTG,seq_39320,1,GTGCTGGCCACCCTGCGGGCC,VLATLRA,1,Def,1,"Herpes simplex virus type 1,HSV-1-pUL36,No,,#47,HSV-1-pUL36",1045,1052,7aa,3135,3156,21,p005
TCGGATCGCAGCTACCATCAATTATAC,seq_4654,1,ACCGGCGCCACCAACCCCCTG,TGATNPL,1,Def,1,"Poliovirus,VP1,PV1,,#115,PV1-VP1",48,55,7aa,144,165,21,p005
TCGCTATAATGCCATCCAGAAACGTGC,seq_10286,1,GCCAGCGACGAGGCCCGGAAG,ASDEARK,1,Def,1,"Herpes simplex virus type 2,HSV-2-pUS6,No,,#72,HSV-2-pUS6",108,115,7aa,324,345,21,p005
TCGGAAGCCTCCATCACGCATACCCAC,seq_36689,1,GCCGGCCGGCGGCGGTACGCC,AGRRRYA,1,Def,1,"Herpes simplex virus type 2,HSV-2-pUS4,No,,#71,HSV-2-pUS4",678,685,7aa,2034,2055,21,p005
TCGCTTTGCTGAATTACGGACACGCGG,seq_19224,1,GTGCAGTGCACCCACGGCATC,VQCTHGI,1,Def,1,"Human immunodeficiency virus type 1,gp120,TH90129_1,,#102,HIV-gp120-TH90129_1",218,225,7aa,654,675,21,p005
TCGCTTGGTGTCTGTACGCCAATCATT,seq_30132,1,CACGGCGCCCTGCGGCTGGGC,HGALRLG,1,Def,1,"Herpes simplex virus type 1,HSV-1-pUS8,No,,#62,HSV-1-pUS8",414,421,7aa,1242,1263,21,p005
TCGCTTGATTTAAGCACATACACACAG,seq_15120,1,CAGCCCAGCAAGGCCCGGATG,QPSKARM,1,Def,1,"Rabies virus,RV-P,No,,#26,RV-P",166,173,7aa,498,519,21,p005
TCGCTTCACACCTACCAACAATCCCTG,seq_6101,1,CCCAACATCACCCTGCTGAAC,PNITLLN,1,Def,1,"Measles virus,MV-F,Edmonston,,#78,MV-F-Edmonston",62,69,7aa,186,207,21,p005
TCGCTGCGAACCTTGCCACACATCTTC,seq_40460,1,CCCGCCGCCGCCGCCGAGCTG,PAAAAEL,1,Def,1,"Herpes simplex virus type 1,HSV-1-pUL36,No,,#47,HSV-1-pUL36",1531,1538,7aa,4593,4614,21,p005
TCGCTGCCTAGACTGATTTAAGCACAC,seq_34062,1,GGCCACCAGAGCCGGCGGCAG,GHQSRRQ,1,Def,1,"Herpes simplex virus type 1,HSV-1-pUS8,No,,#62,HSV-1-pUS8",520,527,7aa,1560,1581,21,p005
TCGCTATCATCGATCCCACGCATACAC,seq_38383,1,CTGCTGCGGGACCTGATCCAG,LLRDLIQ,1,Def,1,"Herpes simplex virus type 1,HSV-1-pUL36,No,,#47,HSV-1-pUL36",862,869,7aa,2586,2607,21,p005
TCGCAGTAATTAATTGCATAAGCCAAC,seq_19251,1,AGCCACGACGTGCTGAGCTGG,SHDVLSW,1,Def,1,"Lectin,SA,No,,#17,SA",219,226,7aa,657,678,21,p005
TCGCAGCCAGCCAAGGCTGAAACCCTT,seq_41281,1,GACATCGAGACCTGGGCCGTG,DIETWAV,1,Def,1,"Herpes simplex virus type 1,HSV-1-pUL36,No,,#47,HSV-1-pUL36",2364,2371,7aa,7092,7113,21,p005
TCGCAGGACGCCTTCGCAGACATATGC,seq_12226,1,CGGATGGCCATGCCCCACGCC,RMAMPHA,1,Def,1,"Herpes simplex virus type 1,HSV-1-pUL10,No,,#53,HSV-1-pUL10",131,138,7aa,393,414,21,p005
TCGACGTCCTCCCTGCAACGTATAAAC,seq_36100,1,CACATCCCCCTGTTCTGGTTC,HIPLFWF,1,Def,1,"Herpes simplex virus type 2,HSV-2-pUS4,No,,#71,HSV-2-pUS4",635,642,7aa,1905,1926,21,p005
TCGACATACGTCTTGCATTACGCGTTC,seq_18562,1,AAGGGCCCCTGCCGGTACACC,KGPCRYT,1,Def,1,"Herpes B virus,Glycoprotein D,No,,#114,BV-G",210,217,7aa,630,651,21,p005
TCGACATAAGCGAACCAACATAGCCTG,seq_25936,1,GACAACGGCAGCGCCCTGGAC,DNGSALD,1,Def,1,"Herpes simplex virus type 1,HSV-1-pUL22,No,,#55,HSV-1-pUL22",330,337,7aa,990,1011,21,p005
TCGACACCAACGATGACATATACGAAC,seq_18816,1,CTGGACATCCCCGGCGAGAGC,LDIPGES,1,Def,1,"Lectin,SA,No,,#17,SA",213,220,7aa,639,660,21,p005
TCGACACATATAAGCGTGGCAGCCAAG,seq_5684,1,ATCCTGTACAGCGCCATCTAC,ILYSAIY,1,Def,1,"Neurotoxin,BoNT/D Hc,No,,#21,BoNT/D Hc",58,65,7aa,174,195,21,p005
TCGACACACGGAATCCTATCCGCGCAT,seq_15193,1,AGCCTGGCCTGGCAGACCGCC,SLAWQTA,1,Def,1,"Enterovirus 71,VP1,1095/Japan 97,,#90,EV71-VP1-1095/Japan 97",167,174,7aa,501,522,21,p005
TCGAATTATTCATACATATACAGCATT,seq_20370,3,AGCCGGCCCTGGGTGCGGGGC,SRPWVRG,3,Def,1,"Influenza A virus,HA,H3N2,,#89,H3N2-HA",234,241,7aa,702,723,21,p005
TCGAATTATATACGTCTAGACAGACTG,seq_554,1,AGCTGGAACAAGTTCGTGCCC,SWNKFVP,1,Def,1,"Lectin,SA,No,,#17,SA",6,13,7aa,18,39,21,p005
TCGAAGTACGCGATCACACCTACACGC,seq_7513,1,GACGTGGACCTGGACAACGTG,DVDLDNV,1,Def,1,"Lectin,ConA,No,,#16,ConA",77,84,7aa,231,252,21,p005
TCGAAGCCAACAAACATACGCTGATAC,seq_9851,1,CTGGAGGACCTGAGCCACCCC,LEDLSHP,1,Def,1,"Herpes simplex virus type 1,HSV-1-pUL1,No,,#52,HSV-1-pUL1",103,110,7aa,309,330,21,p005
TCGAAGCACATCCGCGCATCAATGATT,seq_12507,1,GCCCTGGTGGCCGCCGTGATC,ALVAAVI,1,Def,1,"West Nile virus,WNV-M,No,,#33,WNV-M",134,141,7aa,402,423,21,p005
TCGAAGCACACATACATTTATATCTAG,seq_4992,1,CGGCGGCAGCGGCGGCGGGCC,RRQRRRA,1,Def,1,"Human immunodeficiency virus type 1,tat,/,,#107,HIV-tat",51,58,7aa,153,174,21,p005
TCGAAATGTGTAAAGCCACACGTCCAG,seq_32710,2,CACACCAAGAAGCGGCAGATC,HTKKRQI,2,Def,1,"Vesicular stomatitis Indiana virus,G protein,Orsay,,#130,VSV-Orsay-G",477,484,7aa,1431,1452,21,p005
TCGAAATCCGCAAGCACATACATGTTC,seq_12814,1,CAGCACACCACCACCGGCGGC,QHTTTGG,1,Def,1,"Influenza A virus,HA,H2N2,,#88,H2N2-HA",138,145,7aa,414,435,21,p005
TCGAAATCATTCTTCACTCCCACCCTG,seq_34015,1,AAGCTGGAGAGCATGGGCATC,KLESMGI,1,Def,1,"Influenza A virus,HA,H1N1,,#87,H1N1-HA",519,526,7aa,1557,1578,21,p005
TCGAAATCAACGATCCATCAATCACAC,seq_41960,1,CTGCAGCGGACCCGGCGGGCC,LQRTRRA,1,Def,1,"Herpes simplex virus type 1,HSV-1-pUL36,No,,#47,HSV-1-pUL36",3109,3116,7aa,9327,9348,21,p005
TCGAAATAAAGGCTGAAGCCCACGATT,seq_38301,1,ATCGACCAGATCACCACCATG,IDQITTM,1,Def,1,"Poliovirus,VP1,PV1,,#115,PV1-VP1",850,857,7aa,2550,2571,21,p005
TCGAAACCTACAATTCATCGCTCAATG,seq_1814,1,TGGACCCCCCGGCCCACCATC,WTPRPTI,1,Def,1,"Chikungunya virus,CHIKV-Sp,Wuerzburg 1,,#129,CHIKV-Sp-1",18,25,7aa,54,75,21,p005
TCGACGCAAATCCACAATTCAACCAAC,seq_40546,1,GAGCGGCGGGCCCAGCTGGAG,ERRAQLE,1,Def,1,"Herpes simplex virus type 1,HSV-1-pUL36,No,,#47,HSV-1-pUL36",1617,1624,7aa,4851,4872,21,p005
TCGACGTGCAGCAGTGTTTAAATATGC,seq_36373,1,CTGAGCCGGGCCGACGTGACC,LSRADVT,1,Def,1,"Herpes simplex virus type 2,HSV-2-pUL27,No,,#68,HSV-2-pUL27",655,662,7aa,1965,1986,21,p005
TCGAAACCCATCTACGTATGCACACAG,seq_36908,1,GACTACACCGAGGTGCAGCGG,DYTEVQR,1,Def,1,"Herpes simplex virus type 1,HSV-1-pUL27,No,,#55,HSV-1-pUL27",700,707,7aa,2100,2121,21,p005
TCGACTCACTGAAATCCATCATGGATC,seq_21652,1,ACCCAGCCCAGCGTGGCCGTG,TQPSVAV,1,Def,1,"Herpes simplex virus type 1,HSV-1-pUL19,No,,#63,HSV-1-pUL19",254,261,7aa,762,783,21,p005
TCGCAATCCGCCCACGTACATAGGAAC,seq_41446,1,GACGCCACCCCCGGCGAGCCC,DATPGEP,1,Def,1,"Herpes simplex virus type 1,HSV-1-pUL36,No,,#47,HSV-1-pUL36",2530,2537,7aa,7590,7611,21,p005
TCGCAATATAGCCAGGCTCCTACACTG,seq_18615,1,GGCGGCGCCGACACCGACTAC,GGADTDY,1,Def,1,"Neuron related prorein,APP,No,,#10,APP",210,217,7aa,630,651,21,p005
TCGCAATAATCACAGAAGTCCATCAAC,seq_19344,1,CTGAAGGCCCTGGCCGGCGTG,LKALAGV,1,Def,1,"Tick-borne encephalitis virus,TBEV-E,Simo-9,,#44,TBEV-E-Simo-9",220,227,7aa,660,681,21,p005
TCGCAACCTATGTTCCATGCCTTCCGG,seq_2633,1,CGGAGCGACCCCCGGATCGCC,RSDPRIA,1,Def,1,"Horseradish peroxidase,Horseradish peroxidase,,,#135,HRP",27,34,7aa,81,102,21,p005
TCGATTTCTGGATTGCTACACATATAC,seq_6857,1,AGCCGGAGCGAGAGCAGCATC,SRSESSI,1,Def,1,"Poliovirus,VP1,PV1,,#115,PV1-VP1",70,77,7aa,210,231,21,p005
TCGATTTCTACGTACAATTAATGCCAC,seq_3417,1,GACGTGAAGGAGAACTACCAG,DVKENYQ,1,Def,1,"Neurotrophin,NT3,No,,#2,NT3",35,42,7aa,105,126,21,p005
TCGATTGAATCCTACGCGCATATGTGC,seq_13505,2,CCCGAGATGGGCATCGGCGAC,PEMGIGD,2,Def,1,"Pseudorabies virus,glycoprotein E,TJ,,#134,PRV-TJ-gE",146,153,7aa,438,459,21,p005
TCGATGCCAAGGAGCCTACGCTGACAG,seq_29953,1,GGCGTGCTGAGCGTGGACCTG,GVLSVDL,1,Def,1,"Measles virus,MV-H,Edmonston,,#77,MV-H-Edmonston",410,417,7aa,1230,1251,21,p005
TCGATGCACACATGTCAGTCTACACTG,seq_37316,2,ACCCCCGCCGGCGAGGTGATG,TPAGEVM,2,Def,1,"Herpes simplex virus type 1,HSV-1-pUL22,No,,#55,HSV-1-pUL22",737,744,7aa,2211,2232,21,p005
TCGATAGCAGCACGCACACCCTCCAAG,seq_21314,1,CTGCTGAAGCCCGGCGACACC,LLKPGDT,1,Def,1,"Influenza A virus,HA,H1N1,,#87,H1N1-HA",248,255,7aa,744,765,21,p005
TCGATACTCTCCCATCCTCCCTTCCAG,seq_16217,1,GTGAGCGAGCGGACCCCCGTG,VSERTPV,1,Def,1,"Herpes simplex virus type 2,HSV-2-pUS8,No,,#75,HSV-2-pUS8",179,186,7aa,537,558,21,p005
TCGATACGATTAAATGAGTCATTCCAT,seq_38946,1,TACAAGCTGTTCGCCGGCCAC,YKLFAGH,1,Def,1,"Poliovirus,VP1,PV1,,#115,PV1-VP1",956,963,7aa,2868,2889,21,p005
TCGATACATTTAATTGCTTCAAGGCAC,seq_32701,1,GGCGTGCTGCACCTGATCAGC,GVLHLIS,1,Def,1,"Bornavirus,BDV-G,CRNP5,,#84,BDV-CRNP5",476,483,7aa,1428,1449,21,p005
TCGACTTGATCATGTCATCGAATCCTC,seq_12843,1,GCCGCCAGCCACACCCCCGTG,AASHTPV,1,Def,1,"Herpes simplex virus type 1,HSV-1-pUL1,No,,#52,HSV-1-pUL1",138,145,7aa,414,435,21,p005
TCGACTGACGTAAGCGTAGGTAGACGC,seq_23552,1,AACGGCGACAACATCATCCTG,NGDNIIL,1,Def,1,"Neurotoxin,BoNT/D Hc,No,,#21,BoNT/D Hc",287,294,7aa,861,882,21,p005
TCGACTCGCAGATACACAGCTTCATAC,seq_36853,1,CCCCTGTTCATCACCTACCTG,PLFITYL,1,Def,1,"Herpes simplex virus type 2,HSV-2-pUL22,No,,#67,HSV-2-pUL22",695,702,7aa,2085,2106,21,p005
TCGACTCCTTTACACCTATCTACGATT,seq_3361,1,GTGTGGGCCACCCACGCCTGC,VWATHAC,1,Def,1,"Human immunodeficiency virus type 1,gp120,TH90129_1,,#102,HIV-gp120-TH90129_1",34,41,7aa,102,123,21,p005
TCGTTAGCCTTGTACCAATCAACAAGT,seq_21404,1,ACCAAGCTGACCAGCAAGATC,TKLTSKI,1,Def,1,"Poliovirus,VP1,PV2,,#118,PV2-VP1",250,257,7aa,750,771,21,p005
